index,Close
0,120.64283
1,119.66871
2,117.83759
3,114.78527
4,110.34424
5,89.56982
6,80.985405
7,72.08634
8,63.167942
9,54.48604
